method,optimal_k,mean_accuracy,std_accuracy
knn,4,0.9879226246390426,0.006041081861218047
weighted_knn,4,0.9879226246390426,0.006041081861218047
